<?xml version="1.0" encoding="UTF-8"?>
<project-private xmlns="http://www.netbeans.org/ns/project-private/1">
    <editor-bookmarks xmlns="http://www.netbeans.org/ns/editor-bookmarks/2" lastBookmarkId="0"/>
    <open-files xmlns="http://www.netbeans.org/ns/projectui-open-files/2">
        <group>
            <file>file:/C:/xampp/htdocs/GurbajSingh_ProjectNo_1/Debug/DebugCode.php</file>
            <file>file:/C:/xampp/htdocs/GurbajSingh_ProjectNo_1/PHP_Functions/FunctionsFile_1.php</file>
            <file>file:/C:/xampp/htdocs/GurbajSingh_ProjectNo_1/index.php</file>
        </group>
    </open-files>
</project-private>
